0, 22687341,438795
1, 22687341,77992
2, 22687341,77992
3, 22687341,77992
4, 22687341,77992
5, 22687341,77992
6, 22687341,77992
7, 22687341,77992
8, 22687341,77992
9, 22687341,77992
10, 22687341,77992
11, 22687341,77992
12, 22687341,77992
13, 22687341,77992
14, 22687341,77992
15, 22687341,77992
16, 22687341,77992
17, 22687341,77992
18, 22687341,77992
19, 22687341,77992
20, 22687341,77992
21, 22687341,77992
22, 22687341,77992
23, 22687341,77992
24, 22687341,77992
25, 22687341,77992
26, 22687341,77992
27, 22687341,77992
28, 22687341,77992
29, 22687341,77992
30, 22687341,77992
31, 22687341,77992
32, 22687341,77992
33, 22687341,77992
34, 22687341,77992
35, 22687341,77992
36, 22687341,77992
37, 22687341,77992
38, 22687341,77992
39, 22687341,77992
40, 22687341,77992
41, 22687341,77992
42, 22687341,77992
43, 22687341,77992
44, 22687341,77992
45, 22687341,77992
46, 22687341,77992
47, 22687341,77992
48, 22687341,77992
49, 22687341,77992
50, 22687341,77992
51, 22687341,77992
52, 22687341,77992
53, 22687341,77992
54, 22687341,77992
55, 22687341,77992
56, 22687341,77992
57, 22687341,77992
58, 22687341,77992
59, 22687341,77992
60, 22687341,77992
61, 22687341,77992
62, 22687341,77992
63, 22687341,77992
64, 22687341,77992
65, 22687341,77992
66, 22687341,77992
67, 22687341,77992
68, 22687341,77992
69, 22687341,77992
70, 22687341,77992
71, 22687341,77992
72, 22687341,77992
73, 22687341,77992
74, 22687341,77992
75, 22687341,77992
76, 22687341,77992
77, 22687341,77992
78, 22687341,77992
79, 22687341,77992
80, 22687341,77992
81, 22687341,77992
82, 22687341,77992
83, 22687341,77992
84, 22687341,77992
85, 22687341,77992
86, 22687341,77992
87, 22687341,77992
88, 22687341,77992
89, 22687341,77992
90, 22687341,77992
91, 22687341,77992
92, 22687341,77992
93, 22687341,77992
94, 22687341,77992
95, 22687341,77992
96, 22687341,77992
97, 22687341,77992
98, 22687341,77992
99, 22687341,77992
100, 22687341,77992
101, 22687341,77992
102, 22687341,77992
103, 22687341,77992
104, 22687341,77992
105, 22687341,77992
106, 22687341,77992
107, 22687341,77992
108, 22687341,77992
109, 22687341,77992
110, 22687341,77992
111, 22687341,77992
112, 22687341,77992
113, 22687341,77992
114, 22687341,77992
115, 22687341,77992
116, 22687341,77992
117, 22687341,77992
118, 22687341,77992
119, 22687341,77992
120, 22687341,77992
121, 22687341,77992
122, 22687341,77992
123, 22687341,77992
124, 22687341,77992
125, 22687341,77992
126, 22687341,77992
127, 22687341,77992
128, 22687341,77992
129, 22687341,77992
130, 22687341,77992
131, 22687341,77992
132, 22687341,77992
133, 22687341,77992
134, 22687341,77992
135, 22687341,77992
136, 22687341,77992
137, 22687341,77992
138, 22687341,77992
139, 22687341,77992
140, 22687341,77992
141, 22687341,77992
142, 22687341,77992
143, 22687341,77992
144, 22687341,77992
145, 22687341,77992
146, 22687341,77992
147, 22687341,77992
148, 22687341,77992
149, 22687341,77992
150, 22687341,77992
151, 22687341,77992
152, 22687341,77992
153, 22687341,77992
154, 22687341,77992
155, 22687341,77992
156, 22687341,77992
157, 22687341,77992
158, 22687341,77992
159, 22687341,77992
160, 22687341,77992
161, 22687341,77992
162, 22687341,77992
163, 22687341,77992
164, 22687341,77992
165, 22687341,77992
166, 22687341,77992
167, 22687341,77992
168, 22687341,77992
169, 22687341,77992
170, 22687341,77992
171, 22687341,77992
172, 22687341,77992
173, 22687341,77992
174, 22687341,77992
175, 22687341,77992
176, 22687341,77992
177, 22687341,77992
178, 22687341,77992
179, 22687341,77992
180, 22687341,77992
181, 22687341,77992
182, 22687341,77992
183, 22687341,77992
184, 22687341,77992
185, 22687341,77992
186, 22687341,77992
187, 22687341,77992
188, 22687341,77992
189, 22687341,77992
190, 22687341,77992
191, 22687341,77992
192, 22687341,77992
193, 22687341,77992
194, 22687341,77992
195, 22687341,77992
196, 22687341,77992
197, 22687341,77992
198, 22687341,77992
199, 22687341,77992
200, 22687341,77992
201, 22687341,77992
202, 22687341,77992
203, 22687341,77992
204, 22687341,77992
205, 22687341,77992
206, 22687341,77992
207, 22687341,77992
208, 22687341,77992
209, 22687341,77992
210, 22687341,77992
211, 22687341,77992
212, 22687341,77992
213, 22687341,77992
214, 22687341,77992
215, 22687341,77992
216, 22687341,77992
217, 22687341,77992
218, 22687341,77992
219, 22687341,77992
220, 22687341,77992
221, 22687341,77992
222, 22687341,77992
223, 22687341,77992
224, 22687341,77992
225, 22687341,77992
226, 22687341,77992
227, 22687341,77992
228, 22687341,77992
229, 22687341,77992
230, 22687341,77992
231, 22687341,77992
232, 22687341,77992
233, 22687341,77992
234, 22687341,77992
235, 22687341,77992
236, 22687341,77992
237, 22687341,77992
238, 22687341,77992
239, 22687341,77992
240, 22687341,77992
241, 22687341,77992
242, 22687341,77992
243, 22687341,77992
244, 22687341,77992
245, 22687341,77992
246, 22687341,77992
247, 22687341,77992
248, 22687341,77992
249, 22687341,77992
250, 22687341,77992
251, 22687341,77992
252, 22687341,77992
253, 22687341,77992
254, 22687341,77992
255, 22687341,77992
256, 22687341,77992
257, 22687341,77992
258, 22687341,77992
259, 22687341,77992
260, 22687341,77992
261, 22687341,77992
262, 22687341,77992
263, 22687341,77992
264, 22687341,77992
265, 22687341,77992
266, 22687341,77992
267, 22687341,77992
268, 22687341,77992
269, 22687341,77992
270, 22687341,77992
271, 22687341,77992
272, 22687341,77992
273, 22687341,77992
274, 22687341,77992
275, 22687341,77992
276, 22687341,77992
277, 22687341,77992
278, 22687341,77992
279, 22687341,77992
280, 22687341,77992
281, 22687341,77992
282, 22687341,77992
283, 22687341,77992
284, 22687341,77992
285, 22687341,77992
286, 22687341,77992
287, 22687341,77992
288, 22687341,77992
289, 22687341,77992
290, 22687341,77992
291, 22687341,77992
292, 22687341,77992
293, 22687341,77992
294, 22687341,77992
295, 22687341,77992
296, 22687341,77992
297, 22687341,77992
298, 22687341,77992
299, 22687341,77992
300, 22687341,77992
301, 22687341,77992
302, 22687341,77992
303, 22687341,77992
304, 22687341,77992
305, 22687341,77992
306, 22687341,77992
307, 22687341,77992
308, 22687341,77992
309, 22687341,77992
310, 22687341,77992
311, 22687341,77992
312, 22687341,77992
313, 22687341,77992
314, 22687341,77992
315, 22687341,77992
316, 22687341,77992
317, 22687341,77992
318, 22687341,77992
319, 22687341,77992
320, 22687341,77992
321, 22687341,77992
322, 22687341,77992
323, 22687341,77992
324, 22687341,77992
325, 22687341,77992
326, 22687341,77992
327, 22687341,77992
328, 22687341,77992
329, 22687341,77992
330, 22687341,77992
331, 22687341,77992
332, 22687341,77992
333, 22687341,77992
334, 22687341,77992
335, 22687341,77992
336, 22687341,77992
337, 22687341,77992
338, 22687341,77992
339, 22687341,77992
340, 22687341,77992
341, 22687341,77992
342, 22687341,77992
343, 22687341,77992
344, 22687341,77992
345, 22687341,77992
346, 22687341,77992
347, 22687341,77992
348, 22687341,77992
349, 22687341,77992
350, 22687341,77992
351, 22687341,77992
352, 22687341,77992
353, 22687341,77992
354, 22687341,77992
355, 22687341,77992
356, 22687341,77992
357, 22687341,77992
358, 22687341,77992
359, 22687341,77992
360, 22687341,77992
361, 22687341,77992
362, 22687341,77992
363, 22687341,77992
364, 22687341,77992
365, 22687341,77992
366, 22687341,77992
367, 22687341,77992
368, 22687341,77992
369, 22687341,77992
370, 22687341,77992
371, 22687341,77992
372, 22687341,77992
373, 22687341,77992
374, 22687341,77992
375, 22687341,77992
376, 22687341,77992
377, 22687341,77992
378, 22687341,77992
379, 22687341,77992
380, 22687341,77992
381, 22687341,77992
382, 22687341,77992
383, 22687341,77992
384, 22687341,77992
385, 22687341,77992
386, 22687341,77992
387, 22687341,77992
388, 22687341,77992
389, 22687341,77992
390, 22687341,77992
391, 22687341,77992
392, 22687341,77992
393, 22687341,77992
394, 22687341,77992
395, 22687341,77992
396, 22687341,77992
397, 22687341,77992
398, 22687341,77992
399, 22687341,77992
400, 22687341,77992
401, 22687341,77992
402, 22687341,77992
403, 22687341,77992
404, 22687341,77992
405, 22687341,77992
406, 22687341,77992
407, 22687341,77992
408, 22687341,77992
409, 22687341,77992
410, 22687341,77992
411, 22687341,77992
412, 22687341,77992
413, 22687341,77992
414, 22687341,77992
415, 22687341,77992
416, 22687341,77992
417, 22687341,77992
418, 22687341,77992
419, 22687341,77992
420, 22687341,77992
421, 22687341,77992
422, 22687341,77992
423, 22687341,77992
424, 22687341,77992
425, 22687341,77992
426, 22687341,77992
427, 22687341,77992
428, 22687341,77992
429, 22687341,77992
430, 22687341,77992
431, 22687341,77992
432, 22687341,77992
433, 22687341,77992
434, 22687341,77992
435, 22687341,77992
436, 22687341,77992
437, 22687341,77992
438, 22687341,77992
439, 22687341,77992
440, 22687341,77992
441, 22687341,77992
442, 22687341,77992
443, 22687341,77992
444, 22687341,77992
445, 22687341,77992
446, 22687341,77992
447, 22687341,77992
448, 22687341,77992
449, 22687341,77992
450, 22687341,77992
451, 22687341,77992
452, 22687341,77992
453, 22687341,77992
454, 22687341,77992
455, 22687341,77992
456, 22687341,77992
457, 22687341,77992
458, 22687341,77992
459, 22687341,77992
460, 22687341,77992
461, 22687341,77992
462, 22687341,77992
463, 22687341,77992
464, 22687341,77992
465, 22687341,77992
466, 22687341,77992
467, 22687341,77992
468, 22687341,77992
469, 22687341,77992
470, 22687341,77992
471, 22687341,77992
472, 22687341,77992
473, 22687341,77992
474, 22687341,77992
475, 22687341,77992
476, 22687341,77992
477, 22687341,77992
478, 22687341,77992
479, 22687341,77992
480, 22687341,77992
481, 22687341,77992
482, 22687341,77992
483, 22687341,77992
484, 22687341,77992
485, 22687341,77992
486, 22687341,77992
487, 22687341,77992
488, 22687341,77992
489, 22687341,77992
490, 22687341,77992
491, 22687341,77992
492, 22687341,77992
493, 22687341,77992
494, 22687341,77992
495, 22687341,77992
496, 22687341,77992
497, 22687341,77992
498, 22687341,77992
499, 22687341,77992
500, 22687341,77992
501, 22687341,77992
502, 22687341,77992
503, 22687341,77992
504, 22687341,77992
505, 22687341,77992
506, 22687341,77992
507, 22687341,77992
508, 22687341,77992
509, 22687341,77992
510, 22687341,77992
511, 22687341,77992
512, 22687341,77992
513, 22687341,77992
514, 22687341,77992
515, 22687341,77992
516, 22687341,77992
517, 22687341,77992
518, 22687341,77992
519, 22687341,77992
520, 22687341,77992
521, 22687341,77992
522, 22687341,77992
523, 22687341,77992
524, 22687341,77992
525, 22687341,77992
526, 22687341,77992
527, 22687341,77992
528, 22687341,77992
529, 22687341,77992
530, 22687341,77992
531, 22687341,77992
532, 22687341,77992
533, 22687341,77992
534, 22687341,77992
535, 22687341,77992
536, 22687341,77992
537, 22687341,77992
538, 22687341,77992
539, 22687341,77992
540, 22687341,77992
541, 22687341,77992
542, 22687341,77992
543, 22687341,77992
544, 22687341,77992
545, 22687341,77992
546, 22687341,77992
547, 22687341,77992
548, 22687341,77992
549, 22687341,77992
550, 22687341,77992
551, 22687341,77992
552, 22687341,77992
553, 22687341,77992
554, 22687341,77992
555, 22687341,77992
556, 22687341,77992
557, 22687341,77992
558, 22687341,77992
559, 22687341,77992
560, 22687341,77992
561, 22687341,77992
562, 22687341,77992
563, 22687341,77992
564, 22687341,77992
565, 22687341,77992
566, 22687341,77992
567, 22687341,77992
568, 22687341,77992
569, 22687341,77992
570, 22687341,77992
571, 22687341,77992
572, 22687341,77992
573, 22687341,77992
574, 22687341,77992
575, 22687341,77992
576, 22687341,77992
577, 22687341,77992
578, 22687341,77992
579, 22687341,77992
580, 22687341,77992
581, 22687341,77992
582, 22687341,77992
583, 22687341,77992
584, 22687341,77992
585, 22687341,77992
586, 22687341,77992
587, 22687341,77992
588, 22687341,77992
589, 22687341,77992
590, 22687341,77992
591, 22687341,77992
592, 22687341,77992
593, 22687341,77992
594, 22687341,77992
595, 22687341,77992
596, 22687341,77992
597, 22687341,77992
598, 22687341,77992
599, 22687341,77992
600, 22687341,77992
601, 22687341,77992
602, 22687341,77992
603, 22687341,77992
604, 22687341,77992
605, 22687341,77992
606, 22687341,77992
607, 22687341,77992
608, 22687341,77992
609, 22687341,77992
610, 22687341,77992
611, 22687341,77992
612, 22687341,77992
613, 22687341,77992
614, 22687341,77992
615, 22687341,77992
616, 22687341,77992
617, 22687341,77992
618, 22687341,77992
619, 22687341,77992
620, 22687341,77992
621, 22687341,77992
622, 22687341,77992
623, 22687341,77992
624, 22687341,77992
625, 22687341,77992
626, 22687341,77992
627, 22687341,77992
628, 22687341,77992
629, 22687341,77992
630, 22687341,77992
631, 22687341,77992
632, 22687341,77992
633, 22687341,77992
634, 22687341,77992
635, 22687341,77992
636, 22687341,77992
637, 22687341,77992
638, 22687341,77992
639, 22687341,77992
640, 22687341,77992
641, 22687341,77992
642, 22687341,77992
643, 22687341,77992
644, 22687341,77992
645, 22687341,77992
646, 22687341,77992
647, 22687341,77992
648, 22687341,77992
649, 22687341,77992
650, 22687341,77992
651, 22687341,77992
652, 22687341,77992
653, 22687341,77992
654, 22687341,77992
655, 22687341,77992
656, 22687341,77992
657, 22687341,77992
658, 22687341,77992
659, 22687341,77992
660, 22687341,77992
661, 22687341,77992
662, 22687341,77992
663, 22687341,77992
664, 22687341,77992
665, 22687341,77992
666, 22687341,77992
667, 22687341,77992
668, 22687341,77992
669, 22687341,77992
670, 22687341,77992
671, 22687341,77992
672, 22687341,77992
673, 22687341,77992
674, 22687341,77992
675, 22687341,77992
676, 22687341,77992
677, 22687341,77992
678, 22687341,77992
679, 22687341,77992
680, 22687341,77992
681, 22687341,77992
682, 22687341,77992
683, 22687341,77992
684, 22687341,77992
685, 22687341,77992
686, 22687341,77992
687, 22687341,77992
688, 22687341,77992
689, 22687341,77992
690, 22687341,77992
691, 22687341,77992
692, 22687341,77992
693, 22687341,77992
694, 22687341,77992
695, 22687341,77992
696, 22687341,77992
697, 22687341,77992
698, 22687341,77992
699, 22687341,77992
700, 22687341,77992
701, 22687341,77992
702, 22687341,77992
703, 22687341,77992
704, 22687341,77992
705, 22687341,77992
706, 22687341,77992
707, 22687341,77992
708, 22687341,77992
709, 22687341,77992
710, 22687341,77992
711, 22687341,77992
712, 22687341,77992
713, 22687341,77992
714, 22687341,77992
715, 22687341,77992
716, 22687341,77992
717, 22687341,77992
718, 22687341,77992
719, 22687341,77992
720, 22687341,77992
721, 22687341,77992
722, 22687341,77992
723, 22687341,77992
724, 22687341,77992
725, 22687341,77992
726, 22687341,77992
727, 22687341,77992
728, 22687341,77992
729, 22687341,77992
730, 22687341,77992
731, 22687341,77992
732, 22687341,77992
733, 22687341,77992
734, 22687341,77992
735, 22687341,77992
736, 22687341,77992
737, 22687341,77992
738, 22687341,77992
739, 22687341,77992
740, 22687341,77992
741, 22687341,77992
742, 22687341,77992
743, 22687341,77992
744, 22687341,77992
745, 22687341,77992
746, 22687341,77992
747, 22687341,77992
748, 22687341,77992
749, 22687341,77992
750, 22687341,77992
751, 22687341,77992
752, 22687341,77992
753, 22687341,77992
754, 22687341,77992
755, 22687341,77992
756, 22687341,77992
757, 22687341,77992
758, 22687341,77992
759, 22687341,77992
760, 22687341,77992
761, 22687341,77992
762, 22687341,77992
763, 22687341,77992
764, 22687341,77992
765, 22687341,77992
766, 22687341,77992
767, 22687341,77992
768, 22687341,77992
769, 22687341,77992
770, 22687341,77992
771, 22687341,77992
772, 22687341,77992
773, 22687341,77992
774, 22687341,77992
775, 22687341,77992
776, 22687341,77992
777, 22687341,77992
778, 22687341,77992
779, 22687341,77992
780, 22687341,77992
781, 22687341,77992
782, 22687341,77992
783, 22687341,77992
784, 22687341,77992
785, 22687341,77992
786, 22687341,77992
787, 22687341,77992
788, 22687341,77992
789, 22687341,77992
790, 22687341,77992
791, 22687341,77992
792, 22687341,77992
793, 22687341,77992
794, 22687341,77992
795, 22687341,77992
796, 22687341,77992
797, 22687341,77992
798, 22687341,77992
799, 22687341,77992
800, 22687341,77992
801, 22687341,77992
802, 22687341,77992
803, 22687341,77992
804, 22687341,77992
805, 22687341,77992
806, 22687341,77992
807, 22687341,77992
808, 22687341,77992
809, 22687341,77992
810, 22687341,77992
811, 22687341,77992
812, 22687341,77992
813, 22687341,77992
814, 22687341,77992
815, 22687341,77992
816, 22687341,77992
817, 22687341,77992
818, 22687341,77992
819, 22687341,77992
820, 22687341,77992
821, 22687341,77992
822, 22687341,77992
823, 22687341,77992
824, 22687341,77992
825, 22687341,77992
826, 22687341,77992
827, 22687341,77992
828, 22687341,77992
829, 22687341,77992
830, 22687341,77992
831, 22687341,77992
832, 22687341,77992
833, 22687341,77992
834, 22687341,77992
835, 22687341,77992
836, 22687341,77992
837, 22687341,77992
838, 22687341,77992
839, 22687341,77992
840, 22687341,77992
841, 22687341,77992
842, 22687341,77992
843, 22687341,77992
844, 22687341,77992
845, 22687341,77992
846, 22687341,77992
847, 22687341,77992
848, 22687341,77992
849, 22687341,77992
850, 22687341,77992
851, 22687341,77992
852, 22687341,77992
853, 22687341,77992
854, 22687341,77992
855, 22687341,77992
856, 22687341,77992
857, 22687341,77992
858, 22687341,77992
859, 22687341,77992
860, 22687341,77992
861, 22687341,77992
862, 22687341,77992
863, 22687341,77992
864, 22687341,77992
865, 22687341,77992
866, 22687341,77992
867, 22687341,77992
868, 22687341,77992
869, 22687341,77992
870, 22687341,77992
871, 22687341,77992
872, 22687341,77992
873, 22687341,77992
874, 22687341,77992
875, 22687341,77992
876, 22687341,77992
877, 22687341,77992
878, 22687341,77992
879, 22687341,77992
880, 22687341,77992
881, 22687341,77992
882, 22687341,77992
883, 22687341,77992
884, 22687341,77992
885, 22687341,77992
886, 22687341,77992
887, 22687341,77992
888, 22687341,77992
889, 22687341,77992
890, 22687341,77992
891, 22687341,77992
892, 22687341,77992
893, 22687341,77992
894, 22687341,77992
895, 22687341,77992
896, 22687341,77992
897, 22687341,77992
898, 22687341,77992
899, 22687341,77992
900, 22687341,77992
901, 22687341,77992
902, 22687341,77992
903, 22687341,77992
904, 22687341,77992
905, 22687341,77992
906, 22687341,77992
907, 22687341,77992
908, 22687341,77992
909, 22687341,77992
910, 22687341,77992
911, 22687341,77992
912, 22687341,77992
913, 22687341,77992
914, 22687341,77992
915, 22687341,77992
916, 22687341,77992
917, 22687341,77992
918, 22687341,77992
919, 22687341,77992
920, 22687341,77992
921, 22687341,77992
922, 22687341,77992
923, 22687341,77992
924, 22687341,77992
925, 22687341,77992
926, 22687341,77992
927, 22687341,77992
928, 22687341,77992
929, 22687341,77992
930, 22687341,77992
931, 22687341,77992
932, 22687341,77992
933, 22687341,77992
934, 22687341,77992
935, 22687341,77992
936, 22687341,77992
937, 22687341,77992
938, 22687341,77992
939, 22687341,77992
940, 22687341,77992
941, 22687341,77992
942, 22687341,77992
943, 22687341,77992
944, 22687341,77992
945, 22687341,77992
946, 22687341,77992
947, 22687341,77992
948, 22687341,77992
949, 22687341,77992
950, 22687341,77992
951, 22687341,77992
952, 22687341,77992
953, 22687341,77992
954, 22687341,77992
955, 22687341,77992
956, 22687341,77992
957, 22687341,77992
958, 22687341,77992
959, 22687341,77992
960, 22687341,77992
961, 22687341,77992
962, 22687341,77992
963, 22687341,77992
964, 22687341,77992
965, 22687341,77992
966, 22687341,77992
967, 22687341,77992
968, 22687341,77992
969, 22687341,77992
970, 22687341,77992
971, 22687341,77992
972, 22687341,77992
973, 22687341,77992
974, 22687341,77992
975, 22687341,77992
976, 22687341,77992
977, 22687341,77992
978, 22687341,77992
979, 22687341,77992
980, 22687341,77992
981, 22687341,77992
982, 22687341,77992
983, 22687341,77992
984, 22687341,77992
985, 22687341,77992
986, 22687341,77992
987, 22687341,77992
988, 22687341,77992
989, 22687341,77992
990, 22687341,77992
991, 22687341,77992
992, 22687341,77992
993, 22687341,77992
994, 22687341,77992
995, 22687341,77992
996, 22687341,77992
997, 22687341,77992
998, 22687341,77992
999, 22687341,77992
1000, 22687341,77992
1001, 22687341,77992
1002, 22687341,77992
1003, 22687341,77992
1004, 22687341,77992
1005, 22687341,77992
1006, 22687341,77992
1007, 22687341,77992
1008, 22687341,77992
1009, 22687341,77992
1010, 22687341,77992
1011, 22687341,77992
1012, 22687341,77992
1013, 22687341,77992
1014, 22687341,77992
1015, 22687341,77992
1016, 22687341,77992
1017, 22687341,77992
1018, 22687341,77992
1019, 22687341,77992
1020, 22687341,77992
1021, 22687341,77992
1022, 22687341,77992
1023, 22687341,77992
1024, 22687341,77992
1025, 22687341,77992
1026, 22687341,77992
1027, 22687341,77992
1028, 22687341,77992
1029, 22687341,77992
1030, 22687341,77992
1031, 22687341,77992
1032, 22687341,77992
1033, 22687341,77992
1034, 22687341,77992
1035, 22687341,77992
1036, 22687341,77992
1037, 22687341,77992
1038, 22687341,77992
1039, 22687341,77992
1040, 22687341,77992
1041, 22687341,77992
1042, 22687341,77992
1043, 22687341,77992
1044, 22687341,77992
1045, 22687341,77992
1046, 22687341,77992
1047, 22687341,77992
1048, 22687341,77992
1049, 22687341,77992
1050, 22687341,77992
1051, 22687341,77992
1052, 22687341,77992
1053, 22687341,77992
1054, 22687341,77992
1055, 22687341,77992
1056, 22687341,77992
1057, 22687341,77992
1058, 22687341,77992
1059, 22687341,77992
1060, 22687341,77992
1061, 22687341,77992
1062, 22687341,77992
1063, 22687341,77992
1064, 22687341,77992
1065, 22687341,77992
1066, 22687341,77992
1067, 22687341,77992
1068, 22687341,77992
1069, 22687341,77992
1070, 22687341,77992
1071, 22687341,77992
1072, 22687341,77992
1073, 22687341,77992
1074, 22687341,77992
1075, 22687341,77992
1076, 22687341,77992
1077, 22687341,77992
1078, 22687341,77992
1079, 22687341,77992
1080, 22687341,77992
1081, 22687341,77992
1082, 22687341,77992
1083, 22687341,77992
1084, 22687341,77992
1085, 22687341,77992
1086, 22687341,77992
1087, 22687341,77992
1088, 22687341,77992
1089, 22687341,77992
1090, 22687341,77992
1091, 22687341,77992
1092, 22687341,77992
1093, 22687341,77992
1094, 22687341,77992
1095, 22687341,77992
1096, 22687341,77992
1097, 22687341,77992
1098, 22687341,77992
1099, 22687341,77992
1100, 22687341,77992
1101, 22687341,77992
1102, 22687341,77992
1103, 22687341,77992
1104, 22687341,77992
1105, 22687341,77992
1106, 22687341,77992
1107, 22687341,77992
1108, 22687341,77992
1109, 22687341,77992
1110, 22687341,77992
1111, 22687341,77992
1112, 22687341,77992
1113, 22687341,77992
1114, 22687341,77992
1115, 22687341,77992
1116, 22687341,77992
1117, 22687341,77992
1118, 22687341,77992
1119, 22687341,77992
1120, 22687341,77992
1121, 22687341,77992
1122, 22687341,77992
1123, 22687341,77992
1124, 22687341,77992
1125, 22687341,77992
1126, 22687341,77992
1127, 22687341,77992
1128, 22687341,77992
1129, 22687341,77992
1130, 22687341,77992
1131, 22687341,77992
1132, 22687341,77992
1133, 22687341,77992
1134, 22687341,77992
1135, 22687341,77992
1136, 22687341,77992
1137, 22687341,77992
1138, 22687341,77992
1139, 22687341,77992
1140, 22687341,77992
1141, 22687341,77992
1142, 22687341,77992
1143, 22687341,77992
1144, 22687341,77992
1145, 22687341,77992
1146, 22687341,77992
1147, 22687341,77992
1148, 22687341,77992
1149, 22687341,77992
1150, 22687341,77992
1151, 22687341,77992
1152, 22687341,77992
1153, 22687341,77992
1154, 22687341,77992
1155, 22687341,77992
1156, 22687341,77992
1157, 22687341,77992
1158, 22687341,77992
1159, 22687341,77992
1160, 22687341,77992
1161, 22687341,77992
1162, 22687341,77992
1163, 22687341,77992
1164, 22687341,77992
1165, 22687341,77992
1166, 22687341,77992
1167, 22687341,77992
1168, 22687341,77992
1169, 22687341,77992
1170, 22687341,77992
1171, 22687341,77992
1172, 22687341,77992
1173, 22687341,77992
1174, 22687341,77992
1175, 22687341,77992
1176, 22687341,77992
1177, 22687341,77992
1178, 22687341,77992
1179, 22687341,77992
1180, 22687341,77992
1181, 22687341,77992
1182, 22687341,77992
1183, 22687341,77992
1184, 22687341,77992
1185, 22687341,77992
1186, 22687341,77992
1187, 22687341,77992
1188, 22687341,77992
1189, 22687341,77992
1190, 22687341,77992
1191, 22687341,77992
1192, 22687341,77992
1193, 22687341,77992
1194, 22687341,77992
1195, 22687341,77992
1196, 22687341,77992
1197, 22687341,77992
1198, 22687341,77992
1199, 22687341,77992
1200, 22687341,77992
1201, 22687341,77992
1202, 22687341,77992
1203, 22687341,77992
1204, 22687341,77992
1205, 22687341,77992
1206, 22687341,77992
1207, 22687341,77992
1208, 22687341,77992
1209, 22687341,77992
1210, 22687341,77992
1211, 22687341,77992
1212, 22687341,77992
1213, 22687341,77992
1214, 22687341,77992
1215, 22687341,77992
1216, 22687341,77992
1217, 22687341,77992
1218, 22687341,77992
1219, 22687341,77992
1220, 22687341,77992
1221, 22687341,77992
1222, 22687341,77992
1223, 22687341,77992
1224, 22687341,77992
1225, 22687341,77992
1226, 22687341,77992
1227, 22687341,77992
1228, 22687341,77992
1229, 22687341,77992
1230, 22687341,77992
1231, 22687341,77992
1232, 22687341,77992
1233, 22687341,77992
1234, 22687341,77992
1235, 22687341,77992
1236, 22687341,77992
1237, 22687341,77992
1238, 22687341,77992
1239, 22687341,77992
1240, 22687341,77992
1241, 22687341,77992
1242, 22687341,77992
1243, 22687341,77992
1244, 22687341,77992
1245, 22687341,77992
1246, 22687341,77992
1247, 22687341,77992
1248, 22687341,77992
1249, 22687341,77992
1250, 22687341,77992
1251, 22687341,77992
1252, 22687341,77992
1253, 22687341,77992
1254, 22687341,77992
1255, 22687341,77992
1256, 22687341,77992
1257, 22687341,77992
1258, 22687341,77992
1259, 22687341,77992
1260, 22687341,77992
1261, 22687341,77992
1262, 22687341,77992
1263, 22687341,77992
1264, 22687341,77992
1265, 22687341,77992
1266, 22687341,77992
1267, 22687341,77992
1268, 22687341,77992
1269, 22687341,77992
1270, 22687341,77992
1271, 22687341,77992
1272, 22687341,77992
1273, 22687341,77992
1274, 22687341,77992
1275, 22687341,77992
1276, 22687341,77992
1277, 22687341,77992
1278, 22687341,77992
1279, 22687341,77992
1280, 22687341,77992
1281, 22687341,77992
1282, 22687341,77992
1283, 22687341,77992
1284, 22687341,77992
1285, 22687341,77992
1286, 22687341,77992
1287, 22687341,77992
1288, 22687341,77992
1289, 22687341,77992
1290, 22687341,77992
1291, 22687341,77992
1292, 22687341,77992
1293, 22687341,77992
1294, 22687341,77992
1295, 22687341,77992
1296, 22687341,77992
1297, 22687341,77992
1298, 22687341,77992
1299, 22687341,77992
1300, 22687341,77992
1301, 22687341,77992
1302, 22687341,77992
1303, 22687341,77992
1304, 22687341,77992
1305, 22687341,77992
1306, 22687341,77992
1307, 22687341,77992
1308, 22687341,77992
1309, 22687341,77992
1310, 22687341,77992
1311, 22687341,77992
1312, 22687341,77992
1313, 22687341,77992
1314, 22687341,77992
1315, 22687341,77992
1316, 22687341,77992
1317, 22687341,77992
1318, 22687341,77992
1319, 22687341,77992
1320, 22687341,77992
1321, 22687341,77992
1322, 22687341,77992
1323, 22687341,77992
1324, 22687341,77992
1325, 22687341,77992
1326, 22687341,77992
1327, 22687341,77992
1328, 22687341,77992
1329, 22687341,77992
1330, 22687341,77992
1331, 22687341,77992
1332, 22687341,77992
1333, 22687341,77992
1334, 22687341,77992
1335, 22687341,77992
1336, 22687341,77992
1337, 22687341,77992
1338, 22687341,77992
1339, 22687341,77992
1340, 22687341,77992
1341, 22687341,77992
1342, 22687341,77992
1343, 22687341,77992
1344, 22687341,77992
1345, 22687341,77992
1346, 22687341,77992
1347, 22687341,77992
1348, 22687341,77992
1349, 22687341,77992
1350, 22687341,77992
1351, 22687341,77992
1352, 22687341,77992
1353, 22687341,77992
1354, 22687341,77992
1355, 22687341,77992
1356, 22687341,77992
1357, 22687341,77992
1358, 22687341,77992
1359, 22687341,77992
1360, 22687341,77992
1361, 22687341,77992
1362, 22687341,77992
1363, 22687341,77992
1364, 22687341,77992
1365, 22687341,77992
1366, 22687341,77992
1367, 22687341,77992
1368, 22687341,77992
1369, 22687341,77992
1370, 22687341,77992
1371, 22687341,77992
1372, 22687341,77992
1373, 22687341,77992
1374, 22687341,77992
1375, 22687341,77992
1376, 22687341,77992
1377, 22687341,77992
1378, 22687341,77992
1379, 22687341,77992
1380, 22687341,77992
1381, 22687341,77992
1382, 22687341,77992
1383, 22687341,77992
1384, 22687341,77992
1385, 22687341,77992
1386, 22687341,77992
1387, 22687341,77992
1388, 22687341,77992
1389, 22687341,77992
1390, 22687341,77992
1391, 22687341,77992
1392, 22687341,77992
1393, 22687341,77992
1394, 22687341,77992
1395, 22687341,77992
1396, 22687341,77992
1397, 22687341,77992
1398, 22687341,77992
1399, 22687341,77992
1400, 22687341,77992
1401, 22687341,77992
1402, 22687341,77992
1403, 22687341,77992
1404, 22687341,77992
1405, 22687341,77992
1406, 22687341,77992
1407, 22687341,77992
1408, 22687341,77992
1409, 22687341,77992
1410, 22687341,77992
1411, 22687341,77992
1412, 22687341,77992
1413, 22687341,77992
1414, 22687341,77992
1415, 22687341,77992
1416, 22687341,77992
1417, 22687341,77992
1418, 22687341,77992
1419, 22687341,77992
1420, 22687341,77992
1421, 22687341,77992
1422, 22687341,77992
1423, 22687341,77992
1424, 22687341,77992
1425, 22687341,77992
1426, 22687341,77992
1427, 22687341,77992
1428, 22687341,77992
1429, 22687341,77992
1430, 22687341,77992
1431, 22687341,77992
1432, 22687341,77992
1433, 22687341,77992
1434, 22687341,77992
1435, 22687341,77992
1436, 22687341,77992
1437, 22687341,77992
1438, 22687341,77992
1439, 22687341,77992
1440, 22687341,77992
1441, 22687341,77992
1442, 22687341,77992
1443, 22687341,77992
1444, 22687341,77992
1445, 22687341,77992
1446, 22687341,77992
1447, 22687341,77992
1448, 22687341,77992
1449, 22687341,77992
1450, 22687341,77992
1451, 22687341,77992
1452, 22687341,77992
1453, 22687341,77992
1454, 22687341,77992
1455, 22687341,77992
1456, 22687341,77992
1457, 22687341,77992
1458, 22687341,77992
1459, 22687341,77992
1460, 22687341,77992
1461, 22687341,77992
1462, 22687341,77992
1463, 22687341,77992
1464, 22687341,77992
1465, 22687341,77992
1466, 22687341,77992
1467, 22687341,77992
1468, 22687341,77992
1469, 22687341,77992
1470, 22687341,77992
1471, 22687341,77992
1472, 22687341,77992
1473, 22687341,77992
1474, 22687341,77992
1475, 22687341,77992
1476, 22687341,77992
1477, 22687341,77992
1478, 22687341,77992
1479, 22687341,77992
1480, 22687341,77992
1481, 22687341,77992
1482, 22687341,77992
1483, 22687341,77992
1484, 22687341,77992
1485, 22687341,77992
1486, 22687341,77992
1487, 22687341,77992
1488, 22687341,77992
1489, 22687341,77992
1490, 22687341,77992
1491, 22687341,77992
1492, 22687341,77992
1493, 22687341,77992
1494, 22687341,77992
1495, 22687341,77992
1496, 22687341,77992
1497, 22687341,77992
1498, 22687341,77992
1499, 22687341,77992
1500, 22687341,77992
1501, 22687341,77992
1502, 22687341,77992
1503, 22687341,77992
1504, 22687341,77992
1505, 22687341,77992
1506, 22687341,77992
1507, 22687341,77992
1508, 22687341,77992
1509, 22687341,77992
1510, 22687341,77992
1511, 22687341,77992
1512, 22687341,77992
1513, 22687341,77992
1514, 22687341,77992
1515, 22687341,77992
1516, 22687341,77992
1517, 22687341,77992
1518, 22687341,77992
1519, 22687341,77992
1520, 22687341,77992
1521, 22687341,77992
1522, 22687341,77992
1523, 22687341,77992
1524, 22687341,77992
1525, 22687341,77992
1526, 22687341,77992
1527, 22687341,77992
1528, 22687341,77992
1529, 22687341,77992
1530, 22687341,77992
1531, 22687341,77992
1532, 22687341,77992
1533, 22687341,77992
1534, 22687341,77992
1535, 22687341,77992
1536, 22687341,77992
1537, 22687341,77992
1538, 22687341,77992
1539, 22687341,77992
1540, 22687341,77992
1541, 22687341,77992
1542, 22687341,77992
1543, 22687341,77992
1544, 22687341,77992
1545, 22687341,77992
1546, 22687341,77992
1547, 22687341,77992
1548, 22687341,77992
1549, 22687341,77992
1550, 22687341,77992
1551, 22687341,77992
1552, 22687341,77992
1553, 22687341,77992
1554, 22687341,77992
1555, 22687341,77992
1556, 22687341,77992
1557, 22687341,77992
1558, 22687341,77992
1559, 22687341,77992
1560, 22687341,77992
1561, 22687341,77992
1562, 22687341,77992
1563, 22687341,77992
1564, 22687341,77992
1565, 22687341,77992
1566, 22687341,77992
1567, 22687341,77992
1568, 22687341,77992
1569, 22687341,77992
1570, 22687341,77992
1571, 22687341,77992
1572, 22687341,77992
1573, 22687341,77992
1574, 22687341,77992
1575, 22687341,77992
1576, 22687341,77992
1577, 22687341,77992
1578, 22687341,77992
